1,All We Imagine As Light (2024)
2,On Becoming A Guinea Fowl (2024)
3,Ghostlight (2024)
4,Girls Will Be Girls (2024)
5,Good One (2024)
6,Black Box Diaries (2024)
7,Santosh (2024)
8,In the Summers (2024)
9,Vermigilo (2024)
10,The Devil's Bath (2024)
11,The Fire Inside (2024)
12,Love Lies Bleeding (2024)
13,My Old Ass (2024)
14,The Substance (2024)
15,A Thousand and One (2023)
16,Shayda (2023)
17,Earth Mama (2023)
18,Four Daughters (2023)
19,Birth/Rebirth (2023)
20,How To Have Sex (2023)
21,You Hurt My Feelings (2023)
22,Scrapper (2023)
23,The Starling Girl (2023)
24,Reality (2023)
25,Joy Ride (2023)
26,You Are So Not Invited to My Bat Mitzvah (2023)
27,Rye Lane (2023)
28,Bottoms (2023)
29,Are You There God? It's Me Margaret (2023)
30,Past Lives (2023)
31,Anatomy Of A Fall (2023)
32,Tótem (2023)
33,Tiger Stripes (2023)
34,Fancy Dance (2023)
35,Banel & Adama (2023)
36,Hoard (2023)
37,Girl Picture (2022)
38,Till (2022)
39,Sissy (2022)
40,Turning Red (2022)
41,The Woman King (2022)
42,"Good Luck to You, Leo Grande (2022)"
43,Aftersun (2022)
44,Hatching (2022)
45,God's Creatures (2022)
46,Piggy (2022)
47,Deadstream (2022)
48,Nanny (2022)
49,Women Talking (2022)
50,Alcarràs (2022)
51,Vesper (2022)
52,One Fine Morning (2022)
53,Catherine Called Birdy (2022)
54,She Said (2022)
55,Watcher (2022)
56,My Father's Dragon (2022)
57,Corsage (2022)
58,Causeway (2022)
59,"Bodies, Bodies, Bodies (2022)"
60,Glorious (2022)
61,Rosaline (2022)
62,Master (2022)
63,Next Exit (2022)
64,Mr. Malcolm's List (2022)
65,Fresh (2022)
66,Call Jane (2022)
67,"Alice, Darling (2022)"
68,Do Revenge (2022)
69,Both Sides of the Blade (2022)
70,Pray Away (2021)
71,Shiva Baby (2020)
72,Together Together (2021)
73,V/H/S 94
74,Ailey (2021)
75,Martyrs Lane (2021)
76,Passing (2021)
77,The Souvenir Part II (2021)
78,El Planeta (2021)
79,Street Gang: How We Got to Sesame Street (2021)
80,Rita Moreno: Just a Girl Who Decided to Go for It (2021)
81,Plan B (2021)
82,In the Same Breath (2021)
83,The Novice (2021)
84,I'm Your Man (2021)
85,Petite Maman (2021)
86,The Rescue (2021)
87,Attica (2021)
88,Becoming Cousteau (2021)
89,Julia (2021)
90,Hive (2021)
91,Woodlands Dark and Days Bewitched: A History of Folk Horror (2021)
92,CODA (2021)
93,The Power of the Dog (2021)
94,Happening (2021)
95,Hellbender (2021)
96,Neptune Frost (2022)
97,Gagarine (2020)
98,The Pink Cloud (2021)
99,You Resemble Me (2021)
100,The Fallout (2021)
101,We're All Going to the World's Fair (2021)
102,Murina (2021)
103,Anaïs in Love (2021)
104,You Are Not My Mother (2022)
105,Pleasure (2021)
106,Good Madam (2021)
107,Marvelous and the Black Hole (2021)
108,Here Before (2021)
109,She Will (2022)
110,Mona Lisa and the Blood Moon (2022)
111,The Drover's Wife: The Legend of Molly Johnson (2021)
112,Medusa (2021)
113,Clara Sola (2021)
114,The Forty-Year-Old Version (2020)
115,Totally Under Control (2020)
116,Miss Juneteenth (2020)
117,Kajillionaire (2020)
118,Never Rarely Sometimes Always (2020)
119,Athlete A (2020)
120,Mucho Mucho Amor: The Legend of Walter Mercado (2020)
121,All In: The Fight for Democracy (2020)
122,Dick Johnson Is Dead (2020)
123,Relic (2020)
124,One Night in Miami... (2020)
125,Our Own (2020)
126,Beginning (2020)
127,Beans (2021)
128,Truman & Tennessee: An Intimate Conversation (2021)
129,Holler (2021)
130,My Octopus Teacher (2020)
131,True Mothers (2020)
132,Wildfire (2020)
133,Wildland (2020)
134,Lucky (2020)
135,Never Gonna Snow Again (2020)
136,Jimmy Carter: Rock & Roll President (2020)
137,Spring Blossom (2020)
138,I Blame Society (2020)
139,I Carry You With Me (2020)
140,Slaxx (2020)
141,Identifying Features (2019)
142,"Quo Vadis, Aida? (2020)"
143,The Stylist (2020)
144,Slalom (2020)
145,Nomadland (2020)
146,Promising Young Woman (2020)
147,Stray (2020)
148,Tove (2020)
149,"My Donkey, My Lover & I (2020)"
150,Sword of Trust (2019)
151,Honey Boy (2019)
152,Raise Hell: The Life & Times of Molly Ivins (2019)
153,The Mustang (2019)
154,A Beautiful Day in the Neighborhood (2019)
155,Little Women (2019)
156,Hail Satan? (2019)
157,American Factory (2019)
158,Booksmart (2019)
159,Making Waves: The Art of Cinematic Sound (2019)
160,The Kingmaker (2019)
161,The Farewell (2019)
162,One Child Nation (2019)
163,For Sama (2019)
164,Atlantics (2019)
165,Varda by Agnès (2019)
166,Mickey and the Bear (2019)
167,Honeyland (2019)
168,Portrait of a Lady on Fire (2019)
169,The Assistant (2020)
170,Hope (2019)
171,Saint Maud (2019)
172,First Cow (2019)
173,Blow the Man Down (2019)
174,The Long Walk (2019)
175,Science Fair (2018)
176,Free Solo (2018)
177,On Her Shoulders (2018)
178,Rafiki (2018)
179,To All the Boys I've Loved Before (2018)
180,Dark Money (2018)
181,Kusama: Infinity (2018)
182,Little Woods (2018)
183,Private Life (2018)
184,Be Natural: The Untold Story of Alice Guy-Blaché (2018)
185,Birds of Passage (2018)
186,RBG (2018)
187,Pick of the Litter (2019)
188,The Chambermaid (2019)
189,Can You Ever Forgive Me? (2018)
190,Too Late to Die Young (2019)
191,Leave No Trace (2018)
192,Night Comes on (2018)
193,Wonder Woman (2017)
194,Most Beautiful Island (2017)
195,School Life (2016)
196,The Breadwinner (2017)
197,Bombshell: The Hedy Lamarr Story (2018)
198,Step (2017)
199,Mudbound (2017)
200,Whose Streets? (2017)
201,Good Manners (2017)
202,Trophy (2017)
203,Lady Bird (2017)
204,Faces Places (2017)
205,Outside in (2018)
206,Western (2017)
207,The Rider (2018)
208,Summer 1993 (2017)
209,Marlina the Murderer in Four Acts (2017)
210,Tigers Are Not Afraid (2017)
211,Oh Lucy! (2018)
212,Zama (2018)
213,I Am Not a Witch (2017)
214,Sand Storm (2016)
215,Toni Erdmann (2016)
216,Queen of Katwe (2016)
217,Nuts! (2016)
218,All This Panic (2017)
219,The Edge of Seventeen (2016)
220,The Love Witch (2016)
221,The Innocents (2016)
222,13th (2016)
223,In Between (2016)
224,Kedi (2017)
225,Weiner (2016)
226,Cameraperson (2016)
227,Things to Come (2016)
228,The Hunting Ground (2015)
229,Janis: Little Girl Blue (2015)
230,The Diary of a Teenage Girl (2015)
231,Heart of a Dog (2015)
232,Mustang (2015)
233,The Second Mother (2015)
234,Dark Horse (2015)
235,Sherpa (2015)
236,The Fits (2016)
237,She's Beautiful When She's Angry (2014)
238,"20,000 Days on Earth (2014)"
239,A Girl Walks Home Alone at Night (2014)
240,Citizenfour (2014)
241,The Babadook (2014)
242,Girlhood (2014)
243,The Wonders (2014)
244,Selma (2014)
245,Gett: The Trial of Viviane Amsalem (2014)
246,Appropriate Behavior (2015)
247,Enough Said (2013)
248,Elaine Stritch: Shoot Me (2013)
249,The Crash Reel (2013)
250,The Selfish Giant (2013)
251,Blackfish (2013)
252,The Square (2013)
253,The Queen of Versailles (2012)
254,West of Memphis (2012)
255,Brooklyn Castle (2012)
256,Sister (2012)
257,Ai Weiwei: Never Sorry (2012)
258,Lore (2012)
259,Stories We Tell (2012)
260,Wadjda (2012)
261,Call Me Kuchu (2012)
262,Pariah (2011)
263,Being Elmo: A Puppeteer's Journey (2011)
264,Tomboy (2011)
265,First Position (2011)
266,"Turn Me On, Dammit! (2011)"
267,Sing Your Song (2012)
268,Diana Vreeland: The Eye Has to Travel (2012)
269,The Kids Are All Right (2010)
270,Winter's Bone (2010)
271,Waste Land (2010)
272,The Arbor (2010)
273,Yoo Hoo Mrs Goldberg (2009)
274,An Education (2009)
275,The Most Dangerous Man in America: Daniel Ellsberg and the Pentagon Pa (2009)
276,Sweetgrass (2009)
277,Afghan Star (2009)
278,A Film Unfinished (2010)
279,Trouble the Water (2008)
280,The Beaches of Agnès (2008)
281,35 Shots of Rum (2009)
282,The Hurt Locker (2008)
283,Persepolis (2007)
284,The Devil Came on Horseback (2007)
285,Blame It on Fidel! (2006)
286,Deep Water (2006)
287,Blindsight (2006)
288,The War Tapes (2006)
289,Away From Her (2006)
290,Grbavica: The Land of My Dreams (2006)
291,Control Room (2004)
292,Born Into Brothels (2004)
293,The Wild Parrots of Telegraph Hill (2003)
294,American Splendor (2003)
295,Lost in Translation (2003)
296,The Revolution Will Not Be Televised (2003)
297,The Story of the Weeping Camel (2003)
298,Lost Boys of Sudan (2003)
299,Since Otar Left (2003)
300,Open Hearts (2002)
301,Monsoon Wedding (2001)
302,Promises (2001)
303,The Taste of Others (2000)
304,The Gleaners & I (2000)
305,The Life and Times of Hank Greenberg (2000)
